{
	"variables": [],
	"info": {
		"name": "T2S",
		"_postman_id": "a47e5877-4a0b-4218-ceec-700bd5e6ef84",
		"description": "",
		"schema": "https://schema.getpostman.com/json/collection/v2.0.0/collection.json"
	},
	"item": [
		{
			"name": "http://localhost:27122/api/test/thing/1",
			"request": {
				"url": "http://localhost:27122/api/test/thing/1",
				"method": "PUT",
				"header": [
					{
						"key": "Content-Type",
						"value": "application/json",
						"description": ""
					}
				],
				"body": {
					"mode": "raw",
					"raw": "{\n    \"name\":\"jotain nro 1\"\n}"
				},
				"description": ""
			},
			"response": []
		},
		{
			"name": "http://localhost:27122/api/test/thing",
			"request": {
				"url": "http://localhost:27122/api/test/thing",
				"method": "POST",
				"header": [
					{
						"key": "Content-Type",
						"value": "application/json",
						"description": ""
					}
				],
				"body": {
					"mode": "raw",
					"raw": "{\n    \"name\":\"jotain 3\"\n}"
				},
				"description": ""
			},
			"response": []
		},
		{
			"name": "http://localhost:27122/api/test/thing copy",
			"request": {
				"url": "http://localhost:27122/api/test/thing",
				"method": "GET",
				"header": [],
				"body": {
					"mode": "formdata",
					"formdata": []
				},
				"description": ""
			},
			"response": []
		},
		{
			"name": "http://localhost:27122/api/test/thing/5",
			"request": {
				"url": "http://localhost:27122/api/test/thing/5",
				"method": "DELETE",
				"header": [],
				"body": {
					"mode": "formdata",
					"formdata": []
				},
				"description": ""
			},
			"response": []
		},
		{
			"name": "http://localhost:27122/api/test/thing copy",
			"request": {
				"url": "http://localhost:27122/api/test/thing",
				"method": "POST",
				"header": [
					{
						"key": "Content-Type",
						"value": "application/json",
						"description": ""
					}
				],
				"body": {
					"mode": "raw",
					"raw": "{\n    \"name\":\"jotain 3\"\n}"
				},
				"description": ""
			},
			"response": []
		}
	]
}